time,Yaw,Vel,Ideal Vel L,Ideal Vel R,Vel L,Vel R,Cur X,Cur Y,Ideal x,Ideal y,Next Pos x,Next Pos y,L,dX,Theta,Curvature,velDif,Closest idx,left pos,right pos
0.22164700000000084,269.956055,-1.000000,-1.000359,-0.999641,0.000000,0.000000,0.000000,0.000400,0.000000,0.000400,0.000000,3.868400,3.868000,0.002967,1.570796,0.000397,-0.000359,0,0,0
0.3242450000000008,269.956055,-1.000000,-1.000359,-0.999641,0.000000,0.000000,0.000000,0.000400,0.000000,0.000400,0.000000,3.868400,3.868000,0.002967,1.570796,0.000397,-0.000359,0,0,0
0.35179900000000086,269.956055,-1.000000,-1.000359,-0.999641,-0.086078,0.000000,0.000000,0.000400,0.000000,0.000400,0.000000,3.868400,3.868000,0.002967,1.570796,0.000397,-0.000359,0,0,0
0.363009,269.956055,-1.000000,-1.000336,-0.999664,-0.086078,0.000000,0.000004,0.005004,0.000000,0.005600,0.000000,4.148400,4.143396,0.003181,1.570797,0.000371,-0.000336,2,0,0
0.39053800000000044,270.000000,-1.000000,-1.000002,-0.999998,-0.321625,-0.106096,0.000017,0.022487,0.000000,0.021600,0.000000,4.428400,4.405913,0.000017,1.570800,0.000002,-0.000002,4,0,0
0.40933400000000075,270.087891,-1.000000,-0.999406,-1.000594,-0.523808,-0.352319,0.000025,0.044807,0.000000,0.050400,0.000000,4.708400,4.663593,-0.007128,1.570802,-0.000656,0.000594,6,0,0
0.4269510000000009,270.087891,-1.000000,-0.999404,-1.000596,-0.688624,-0.713980,0.000019,0.053048,0.000000,0.050400,0.000000,4.708400,4.655352,-0.007122,1.570800,-0.000657,0.000596,6,0,0
0.4768760000000002,270.087891,-1.120000,-1.119359,-1.120641,-0.950862,-0.882133,-0.000055,0.096887,0.000000,0.092000,0.000000,4.988400,4.891513,-0.007558,1.570785,-0.000632,0.000641,8,0,0
0.498496000000001,270.087891,-1.440000,-1.439210,-1.440790,-0.896145,-0.866785,-0.000110,0.132920,0.000000,0.146400,0.000000,5.268400,5.135480,-0.007988,1.570775,-0.000606,0.000790,10,0,0
0.5268250000000008,270.043945,-1.440000,-1.439595,-1.440405,-0.951529,-0.857444,-0.000141,0.153472,0.000000,0.146400,0.000000,5.268400,5.114928,-0.004064,1.570769,-0.000311,0.000405,10,0,0
0.5479200000000001,270.000000,-1.600000,-1.599982,-1.600018,-1.051620,-0.912160,-0.000170,0.178394,0.000000,0.178400,0.000000,5.408400,5.230006,-0.000170,1.570764,-0.000012,0.000018,11,0,0
0.5738240000000006,270.043945,-1.760000,-1.759522,-1.760478,-1.175065,-0.978220,-0.000180,0.204852,0.000000,0.213600,0.000000,5.548400,5.343548,-0.004279,1.570763,-0.000300,0.000478,12,0,0
0.6017520000000004,270.043945,-1.920000,-1.919483,-1.920517,-1.392595,-1.224443,-0.000214,0.264072,0.000000,0.252000,0.000000,5.688400,5.424328,-0.004375,1.570757,-0.000297,0.000517,13,0,0
0.6225200000000004,269.956055,-2.080000,-2.080496,-2.079504,-1.489350,-1.332541,-0.000214,0.294800,0.000000,0.293600,0.000000,5.828400,5.533600,0.004030,1.570758,0.000263,-0.000496,14,0,0
0.6380280000000003,269.912109,-2.240000,-2.241081,-2.238919,-1.554742,-1.416617,-0.000177,0.327163,0.000000,0.338400,0.000000,5.968400,5.641237,0.008477,1.570765,0.000533,-0.001081,15,0,0
0.6529189999999999,269.868164,-2.240000,-2.241633,-2.238367,-1.554742,-1.416617,-0.000177,0.327163,0.000000,0.338400,0.000000,5.968400,5.641237,0.012803,1.570765,0.000805,-0.001633,15,0,0
0.661380000000001,269.868164,-2.240000,-2.241643,-2.238357,-1.637484,-1.588773,-0.000141,0.345980,0.000000,0.338400,0.000000,5.968400,5.622420,0.012796,1.570771,0.000810,-0.001643,15,0,0
0.676286,269.868164,-2.400000,-2.401753,-2.398247,-1.767602,-1.588773,-0.000010,0.402731,0.000000,0.386400,0.000000,6.108400,5.705669,0.013118,1.570795,0.000806,-0.001753,16,0,0
0.6886380000000009,269.824219,-2.400000,-2.402338,-2.397662,-1.767602,-1.706213,-0.000010,0.402731,0.000000,0.386400,0.000000,6.108400,5.705669,0.017494,1.570795,0.001075,-0.002338,16,0,0
0.699464,269.780273,-2.560000,-2.563081,-2.556919,-1.920407,-1.706213,0.000105,0.445870,0.000000,0.437600,0.000000,6.248400,5.802530,0.022358,1.570815,0.001328,-0.003081,17,0,0
0.7128880000000009,269.780273,-2.560000,-2.563081,-2.556919,-1.920407,-1.853680,0.000105,0.445870,0.000000,0.437600,0.000000,6.248400,5.802530,0.022358,1.570815,0.001328,-0.003081,17,0,0
0.7197090000000007,269.780273,-2.720000,-2.723244,-2.716756,-2.087225,-1.853680,0.000266,0.492278,0.000000,0.492000,0.000000,6.388400,5.896122,0.022877,1.570841,0.001316,-0.003244,18,0,0
0.7332540000000008,269.736328,-2.720000,-2.723886,-2.716114,-2.087225,-2.035178,0.000266,0.492278,0.000000,0.492000,0.000000,6.388400,5.896122,0.027399,1.570841,0.001576,-0.003886,18,0,0
0.739773000000001,269.736328,-2.880000,-2.884082,-2.875918,-2.246035,-2.035178,0.000474,0.541723,0.000000,0.549600,0.000000,6.528400,5.986677,0.028024,1.570876,0.001564,-0.004082,19,0,0
0.750621000000001,269.648438,-2.880000,-2.885419,-2.874581,-2.246035,-2.035178,0.000474,0.541723,0.000000,0.549600,0.000000,6.528400,5.986677,0.037208,1.570876,0.002076,-0.005419,19,0,0
0.758402,269.648438,-3.040000,-3.045675,-3.034325,-2.394170,-2.191319,0.000745,0.592134,0.000000,0.610400,0.000000,6.668400,6.076266,0.038028,1.570919,0.002060,-0.005675,20,0,0
0.7691850000000013,269.604492,-3.040000,-3.046371,-3.033629,-2.394170,-2.191319,0.000745,0.592134,0.000000,0.610400,0.000000,6.668400,6.076266,0.042688,1.570919,0.002312,-0.006371,20,0,0
0.7777240000000002,269.604492,-3.200000,-3.206662,-3.193338,-2.517615,-2.317433,0.001088,0.644814,0.000000,0.674400,0.000000,6.808400,6.163586,0.043635,1.570973,0.002297,-0.006662,21,0,0
0.7880320000000011,269.560547,-3.200000,-3.207384,-3.192616,-2.517615,-2.317433,0.001088,0.644814,0.000000,0.674400,0.000000,6.808400,6.163586,0.048362,1.570973,0.002546,-0.007384,21,0,0
0.7975910000000004,269.560547,-3.200000,-3.207516,-3.192484,-2.647733,-2.443548,0.001497,0.700863,0.000000,0.674400,0.000000,6.808400,6.107537,0.048340,1.571041,0.002592,-0.007516,21,0,0
0.8034230000000007,269.560547,-3.200000,-3.207516,-3.192484,-2.647733,-2.443548,0.001497,0.700863,0.000000,0.674400,0.000000,6.808400,6.107537,0.048340,1.571041,0.002592,-0.007516,21,0,0
0.813375,269.516602,-3.200000,-3.208245,-3.191755,-2.647733,-2.443548,0.001497,0.700863,0.000000,0.674400,0.000000,6.808400,6.107537,0.053025,1.571041,0.002843,-0.008245,21,0,0
0.832014000000001,269.472656,-3.360000,-3.369375,-3.350625,-2.788527,-2.579004,0.001983,0.761183,0.000000,0.741600,0.000000,6.948400,6.187217,0.058928,1.571117,0.003079,-0.009375,22,0,0
0.852241,269.384766,-3.520000,-3.531347,-3.508653,-2.929988,-2.695776,0.002532,0.823504,0.000000,0.812000,0.000000,7.088400,6.264897,0.069802,1.571201,0.003557,-0.011347,23,0,0
0.8713250000000007,269.208984,-3.680000,-3.695043,-3.664957,-3.060107,-2.814551,0.003158,0.886224,0.000000,0.885600,0.000000,7.228400,6.342177,0.090714,1.571294,0.004511,-0.015043,24,0,0
0.8919140000000007,269.077148,-3.840000,-3.858135,-3.821865,-3.176879,-2.939330,0.003951,0.950878,0.000000,0.962400,0.000000,7.368400,6.417524,0.107312,1.571412,0.005211,-0.018135,25,0,0
0.9124070000000011,269.077148,-4.000000,-4.018849,-3.981151,-3.286311,-3.068781,0.004970,1.018965,0.000000,1.042400,0.000000,7.508400,6.489437,0.109488,1.571562,0.005200,-0.018849,26,-1,0
0.9316650000000009,268.769531,-4.160000,-4.185760,-4.134240,-3.396411,-3.178213,0.006115,1.090054,0.000000,1.125600,0.000000,7.648400,6.558349,0.146948,1.571729,0.006833,-0.025760,27,-1,-1
0.9516130000000012,268.637695,-4.160000,-4.188994,-4.131006,-3.518522,-3.296988,0.007515,1.164541,0.000000,1.125600,0.000000,7.648400,6.483863,0.161663,1.571955,0.007691,-0.028994,27,-1,-1
0.9740390000000007,268.549805,-4.320000,-4.351962,-4.288038,-3.675998,-3.429107,0.009265,1.241892,0.000000,1.212000,0.000000,7.788400,6.546515,0.174941,1.572212,0.008164,-0.031962,28,-1,-1
0.9919560000000002,268.417969,-4.320000,-4.354713,-4.285287,-3.995621,-3.747396,0.009265,1.241892,0.000000,1.212000,0.000000,7.788400,6.546515,0.189998,1.572212,0.008867,-0.034713,28,-1,-1
1.0118600000000006,268.330078,-4.640000,-4.679367,-4.600633,-4.127740,-3.860165,0.013618,1.406350,0.000000,1.394400,0.000000,8.068400,6.662064,0.207754,1.572840,0.009362,-0.039367,30,-1,-1
1.031893,268.242188,-4.800000,-4.842798,-4.757202,-4.233170,-3.966261,0.015980,1.489558,0.000000,1.490400,0.000000,8.208400,6.718861,0.222071,1.573175,0.009839,-0.042798,31,-1,-1
1.0519030000000003,268.110352,-4.960000,-5.007389,-4.912611,-4.325920,-4.071690,0.018521,1.574497,0.000000,1.589600,0.000000,8.348400,6.773928,0.241878,1.573531,0.010543,-0.047389,32,-1,-1
1.0714400000000006,268.022461,-5.120000,-5.171151,-5.068849,-4.425344,-4.155099,0.021308,1.662032,0.000000,1.692000,0.000000,8.488400,6.826401,0.256858,1.573918,0.011024,-0.051151,33,-1,-1
1.0926270000000005,267.934570,-5.280000,-5.335094,-5.224906,-4.564803,-4.232502,0.024373,1.752796,0.000000,1.797600,0.000000,8.628400,6.875647,0.272159,1.574341,0.011514,-0.055094,34,-1,-1
1.1121910000000008,267.758789,-5.280000,-5.340934,-5.219066,-4.712270,-4.383973,0.027674,1.846323,0.000000,1.797600,0.000000,8.628400,6.782134,0.292876,1.574877,0.012734,-0.060934,34,-1,-1
1.1318840000000001,267.583008,-5.440000,-5.507574,-5.372426,-4.712270,-4.383973,0.031376,1.944776,0.000000,1.906400,0.000000,8.768400,6.823696,0.319113,1.575394,0.013707,-0.067574,35,-2,-1
1.1521280000000007,267.583008,-5.600000,-5.670072,-5.529928,-4.886428,-4.591494,0.035605,2.048751,0.000000,2.018400,0.000000,8.908400,6.859742,0.324858,1.575987,0.013807,-0.070072,36,-2,-1
1.1721650000000008,267.363281,-5.760000,-5.838410,-5.681590,-5.039233,-4.768988,0.039979,2.152386,0.000000,2.133600,0.000000,9.048400,6.896130,0.357175,1.576594,0.015021,-0.078410,37,-2,-2
1.1922579999999998,267.275391,-5.920000,-6.003563,-5.836437,-5.200046,-4.913786,0.044655,2.258345,0.000000,2.252000,0.000000,9.188400,6.930199,0.374028,1.577240,0.015576,-0.083563,38,-2,-2
1.2128130000000001,267.143555,-6.080000,-6.170184,-5.989816,-5.334167,-5.086609,0.049750,2.367158,0.000000,2.373600,0.000000,9.328400,6.961420,0.396593,1.577943,0.016367,-0.090184,39,-2,-2
1.2327440000000005,267.055664,-6.240000,-6.335829,-6.144171,-5.455611,-5.197377,0.055116,2.477261,0.000000,2.498400,0.000000,9.468400,6.991357,0.414149,1.578680,0.016946,-0.095829,40,-2,-2
1.2530880000000015,266.967773,-6.400000,-6.501718,-6.298282,-5.585061,-5.236745,0.060814,2.589718,0.000000,2.626400,-0.000000,9.608400,7.018945,0.432001,1.579461,0.017538,-0.101718,41,-2,-2
1.2803360000000013,266.791992,-6.720000,-6.836227,-6.603773,-5.847299,-5.560372,0.076574,2.881357,0.000000,2.892000,-0.000000,9.888400,7.007461,0.468575,1.581724,0.019085,-0.116227,43,-2,-2
1.2922470000000013,266.704102,-6.720000,-6.838887,-6.601113,-5.847299,-5.560372,0.076574,2.881357,0.000000,2.892000,-0.000000,9.888400,7.007461,0.479300,1.581724,0.019522,-0.118887,43,-2,-2
1.3121800000000003,266.572266,-6.720000,-6.842876,-6.597124,-6.108202,-5.705837,0.076574,2.881357,0.000000,2.892000,-0.000000,9.888400,7.007461,0.495385,1.581724,0.020177,-0.122876,43,-3,-2
1.332026,266.440430,-6.860000,-6.993289,-6.726711,-6.108202,-5.705837,0.087505,3.067439,0.000000,3.029200,-0.000000,10.028400,6.961511,0.519516,1.583366,0.021440,-0.133289,44,-3,-2
1.3520650000000005,266.308594,-6.960000,-7.101107,-6.818893,-6.260340,-5.855306,0.095285,3.194884,0.000000,3.168400,-0.000000,10.168400,6.974167,0.544061,1.584459,0.022371,-0.141107,45,-3,-3
1.3733450000000011,266.220703,-7.000000,-7.146582,-6.853418,-6.403803,-5.993431,0.103509,3.324675,0.000000,3.308400,-0.000000,10.308400,6.984492,0.563605,1.585617,0.023107,-0.146582,46,-3,-3
1.392290000000001,266.220703,-7.000000,-7.148601,-6.851399,-6.546599,-6.132224,0.112114,3.456480,0.000000,3.448400,-0.000000,10.448400,6.992818,0.572731,1.586830,0.023425,-0.148601,47,-3,-3
1.4120560000000004,266.088867,-7.000000,-7.154856,-6.845144,-6.682055,-6.259005,0.120919,3.589778,0.000000,3.588400,-0.000000,10.588400,6.999667,0.598008,1.588072,0.024411,-0.154856,48,-3,-3
1.4317579999999999,266.000977,-7.000000,-7.159836,-6.840164,-6.810172,-6.363767,0.130010,3.725029,0.000000,3.728400,-0.000000,10.728400,7.004578,0.618105,1.589358,0.025196,-0.159836,49,-3,-3
1.4522930000000014,265.913086,-7.000000,-7.164868,-6.835132,-6.880902,-6.450512,0.139358,3.860229,0.000000,3.868400,-0.000000,10.868400,7.009557,0.638473,1.590679,0.025989,-0.164868,50,-4,-3
1.4718050000000003,265.825195,-7.000000,-7.169964,-6.830036,-6.928278,-6.521910,0.148945,3.995880,0.000000,4.008400,-0.000000,11.008400,7.014101,0.659059,1.592033,0.026792,-0.169964,51,-4,-3
1.4923739999999999,265.737305,-7.000000,-7.176181,-6.823819,-6.964311,-6.589972,0.154007,4.065961,0.000000,4.008400,-0.000000,11.008400,6.944147,0.669609,1.592976,0.027772,-0.176181,51,-4,-4
1.5119440000000013,265.693359,-7.000000,-7.178930,-6.821070,-6.995006,-6.579296,0.168853,4.267231,0.000000,4.288400,-0.000000,11.288400,7.023199,0.695626,1.594841,0.028206,-0.178930,53,-4,-4
1.5319330000000009,265.605469,-7.000000,-7.184203,-6.815797,-7.033707,-6.586636,0.179111,4.404138,0.000000,4.428400,-0.000000,11.428400,7.026545,0.716810,1.596290,0.029037,-0.184203,54,-4,-4
1.552169,265.473633,-7.000000,-7.190981,-6.809019,-7.101769,-6.577961,0.189665,4.542863,0.000000,4.568400,-0.000000,11.568400,7.028096,0.743513,1.597786,0.030105,-0.190981,55,-4,-4
1.5717180000000008,265.385742,-7.000000,-7.196451,-6.803549,-7.177838,-6.577961,0.200498,4.681734,0.000000,4.708400,-0.000000,11.708400,7.029526,0.765122,1.599322,0.030968,-0.196451,56,-4,-4
1.5915910000000004,265.297852,-7.000000,-7.202017,-6.797983,-7.258578,-6.572623,0.211645,4.821183,0.000000,4.848400,-0.000000,11.848400,7.030404,0.786995,1.600905,0.031845,-0.202017,57,-5,-4
1.6121540000000005,265.166016,-7.000000,-7.209051,-6.790949,-7.315963,-6.605319,0.223068,4.961379,0.000000,4.988400,-0.000000,11.988400,7.030561,0.814434,1.602530,0.032954,-0.209051,58,-5,-4
1.6321350000000001,265.166016,-7.000000,-7.212017,-6.787983,-7.343988,-6.648692,0.234749,5.101420,0.000000,5.128400,-0.000000,12.128400,7.030900,0.826070,1.604191,0.033421,-0.212017,59,-5,-4
1.6523060000000005,264.858398,-7.000000,-7.224728,-6.775272,-7.335314,-6.706744,0.246749,5.242673,0.000000,5.268400,-0.000000,12.268400,7.030059,0.875384,1.605903,0.035425,-0.224728,60,-5,-5
1.6722130000000015,264.638672,-7.000000,-7.234728,-6.765272,-7.329309,-6.744779,0.259059,5.383095,0.000000,5.408400,-0.000000,12.408400,7.030079,0.914344,1.607655,0.037001,-0.234728,61,-5,-5
1.6920240000000013,264.418945,-7.000000,-7.244827,-6.755173,-7.293943,-6.789486,0.271905,5.522867,0.000000,5.548400,-0.000000,12.548400,7.030793,0.953876,1.609479,0.038593,-0.244827,62,-5,-5
1.7128360000000011,264.111328,-7.000000,-7.259180,-6.740820,-7.243898,-6.788151,0.278309,5.589722,0.000000,5.548400,-0.000000,12.548400,6.964242,0.990772,1.610770,0.040856,-0.259180,62,-6,-5
1.7320790000000015,263.847656,-7.000000,-7.269341,-6.730659,-7.213871,-6.760793,0.299296,5.798694,0.000000,5.828400,-0.000000,12.828400,7.036075,1.050962,1.613346,0.042458,-0.269341,64,-6,-5
1.752313,263.540039,-7.000000,-7.282529,-6.717471,-7.179840,-6.749450,0.313940,5.937550,0.000000,5.968400,-0.000000,12.968400,7.037855,1.102980,1.615418,0.044537,-0.282529,65,-6,-5
1.771719000000001,263.276367,-7.000000,-7.294368,-6.705632,-7.179840,-6.724093,0.329101,6.074740,0.000000,6.108400,-0.000000,13.108400,7.041355,1.150341,1.617552,0.046403,-0.294368,66,-6,-5
1.7920790000000015,262.968750,-7.000000,-7.307872,-6.692128,-7.187847,-6.713417,0.345175,6.213841,0.000000,6.248400,-0.000000,13.248400,7.043023,1.203685,1.619826,0.048532,-0.307872,67,-6,-5
1.8118150000000006,262.661133,-7.000000,-7.321537,-6.678463,-7.208532,-6.708079,0.361971,6.353092,0.000000,6.388400,-0.000000,13.388400,7.044614,1.257678,1.622202,0.050686,-0.321537,68,-6,-6
1.8317830000000013,262.397461,-7.000000,-7.334057,-6.665943,-7.241896,-6.734102,0.379597,6.492913,0.000000,6.528400,-0.000000,13.528400,7.045720,1.307058,1.624699,0.052659,-0.334057,69,-6,-6
1.8521560000000008,262.133789,-7.000000,-7.346776,-6.653224,-7.284601,-6.728764,0.397999,6.633240,0.000000,6.668400,-0.000000,13.668400,7.046409,1.357089,1.627309,0.054664,-0.346776,70,-6,-6
1.871625,262.133789,-7.000000,-7.351408,-6.648592,-7.339317,-6.724093,0.416915,6.772521,0.000000,6.808400,-0.000000,13.808400,7.048220,1.375926,1.629983,0.055394,-0.351408,71,-7,-6
1.8919540000000015,261.826172,-7.000000,-7.365730,-6.634270,-7.353998,-6.752786,0.436367,6.913313,0.000000,6.948400,-0.000000,13.948400,7.048608,1.432161,1.632744,0.057652,-0.365730,72,-7,-6
1.9124989999999997,261.738281,-7.000000,-7.385545,-6.614455,-7.358668,-6.748115,0.455955,7.052333,0.000000,7.088400,-0.000000,13.914595,6.877392,1.437296,1.637143,0.060776,-0.385545,73,-7,-6
1.9333670000000003,261.738281,-7.000000,-7.390772,-6.609228,-7.378019,-6.742777,0.476156,7.192210,0.000000,7.228400,-0.000000,14.054195,6.878485,1.457247,1.640076,0.061600,-0.390772,74,-7,-6
1.9536450000000005,261.738281,-7.000000,-7.395968,-6.604032,-7.401374,-6.700072,0.496363,7.331378,0.000000,7.368400,-0.000000,14.193395,6.879945,1.477250,1.643005,0.062419,-0.395968,75,-7,-7
1.9812130000000017,261.826172,-7.000000,-7.403530,-6.596470,-7.460761,-6.583299,0.536461,7.608277,0.000000,7.648400,-0.000000,14.469795,6.882457,1.506560,1.648822,0.063611,-0.403530,77,-7,-7
1.9922060000000001,261.826172,-7.000000,-7.403530,-6.596470,-7.460761,-6.583299,0.536461,7.608277,0.000000,7.648400,-0.000000,14.469795,6.882457,1.506560,1.648822,0.063611,-0.403530,77,-7,-7
2.0120840000000006,261.870117,-7.000000,-7.407455,-6.592545,-7.488119,-6.545932,0.556337,7.746650,0.000000,7.788400,-0.000000,14.605395,6.881271,1.520692,1.651733,0.064229,-0.407455,78,-8,-7
2.0319480000000003,261.914063,-7.000000,-7.411694,-6.588306,-7.482114,-6.537257,0.576320,7.886154,0.000000,7.928400,-0.000000,14.738595,6.876634,1.534442,1.654703,0.064898,-0.411694,79,-8,-7
2.0514330000000007,261.826172,-7.000000,-7.420090,-6.579910,-7.457425,-6.545932,0.596003,8.024319,0.000000,8.068400,-0.000000,14.869395,6.870974,1.563159,1.657648,0.066221,-0.420090,80,-8,-7
2.071742,261.782227,-7.000000,-7.427509,-6.572491,-7.437407,-6.580630,0.615942,8.163896,0.000000,8.208400,-0.000000,14.997795,6.861600,1.586427,1.660684,0.067391,-0.427509,81,-8,-7
2.092155000000001,261.694336,-7.000000,-7.436538,-6.563462,-7.412050,-6.624670,0.635989,8.303087,0.000000,8.348400,-0.000000,15.123795,6.850294,1.614597,1.663771,0.068814,-0.436538,82,-8,-7
2.111526,261.694336,-7.000000,-7.442975,-6.557025,-7.386694,-6.652695,0.656063,8.441331,0.000000,8.488400,-0.000000,15.247395,6.837611,1.632345,1.666893,0.069829,-0.442975,83,-8,-8
2.1317210000000015,261.650391,-7.000000,-7.451048,-6.548952,-7.360670,-6.647357,0.676208,8.579328,0.000000,8.628400,-0.000000,15.368595,6.822859,1.654930,1.670069,0.071101,-0.451048,84,-8,-8
2.1517290000000013,261.738281,-7.000000,-7.455116,-6.544884,-7.360670,-6.622001,0.696257,8.716294,0.000000,8.768400,-0.000000,15.487395,6.806804,1.662005,1.673264,0.071742,-0.455116,85,-9,-8
2.171714,261.826172,-7.000000,-7.459352,-6.540648,-7.339985,-6.581964,0.716156,8.852607,0.000000,8.908400,-0.000000,15.603795,6.789066,1.668743,1.676480,0.072410,-0.459352,86,-9,-8
2.1918110000000017,261.958008,-7.000000,-7.462126,-6.537874,-7.325972,-6.491216,0.735528,8.986738,0.000000,9.048400,-0.000000,15.717795,6.771124,1.669961,1.679638,0.072848,-0.462126,87,-9,-8
2.211929,262.045898,-7.000000,-7.467023,-6.532977,-7.370012,-6.438501,0.755178,9.124672,0.000000,9.188400,-0.000000,15.829395,6.747118,1.675710,1.682957,0.073619,-0.467023,88,-9,-8
2.2318050000000005,262.133789,-7.000000,-7.472483,-6.527517,-7.429399,-6.420485,0.774884,9.264922,0.000000,9.328400,-0.000000,15.938595,6.718508,1.680954,1.686389,0.074480,-0.472483,89,-9,-8
2.2516990000000003,262.265625,-7.000000,-7.476850,-6.523150,-7.484783,-6.435832,0.794402,9.405401,0.000000,9.468400,-0.000000,16.045395,6.687345,1.680790,1.689869,0.075169,-0.476850,90,-9,-9
2.2715490000000007,262.309570,-7.000000,-7.484233,-6.515767,-7.530157,-6.456518,0.813561,9.545256,-0.000000,9.608400,-0.000000,16.149795,6.654458,1.690067,1.693361,0.076332,-0.484233,91,-10,-9
2.291533000000001,262.397461,-7.000000,-7.481404,-6.518596,-7.577533,-6.579296,0.813561,9.545256,-0.000000,9.608400,-0.000000,16.149795,6.654458,1.680192,1.693361,0.075886,-0.481404,91,-10,-9
2.3119210000000003,262.529297,-7.000000,-7.495840,-6.504160,-7.541501,-6.601315,0.851242,9.825928,-0.000000,9.888400,-0.000000,16.351395,6.580754,1.692452,1.700513,0.078162,-0.495840,93,-10,-9
2.33175,262.573242,-7.000000,-7.504219,-6.495781,-7.518147,-6.601315,0.869709,9.965506,-0.000000,10.028400,-0.000000,16.448595,6.541164,1.700408,1.704151,0.079483,-0.504219,94,-10,-9
2.3519200000000002,262.573242,-7.000000,-7.514454,-6.485546,-7.508804,-6.575959,0.887970,10.105178,-0.000000,10.168400,-0.000000,16.543395,6.499163,1.712716,1.707853,0.081096,-0.514454,95,-10,-9
2.3718900000000014,262.749023,-7.000000,-7.519176,-6.480824,-7.499463,-6.558610,0.906022,10.243667,-0.000000,10.308400,-0.000000,16.635795,6.456018,1.705564,1.711599,0.081841,-0.519176,96,-10,-9
2.392227000000001,262.836914,-7.000000,-7.527111,-6.472889,-7.501464,-6.489881,0.923777,10.381521,-0.000000,10.448400,-0.000000,16.725795,6.411176,1.707660,1.715388,0.083091,-0.527111,97,-11,-10
2.412264000000001,262.968750,-7.000000,-7.534052,-6.465948,-7.526154,-6.423154,0.941256,10.519746,-0.000000,10.588400,-0.000000,16.813395,6.363645,1.704587,1.719252,0.084186,-0.534052,98,-11,-10
2.431251,263.100586,-7.000000,-7.552700,-6.447300,-7.526154,-6.423154,0.958375,10.657243,-0.000000,10.588400,-0.000000,16.813395,6.230303,1.690953,1.725234,0.087125,-0.552700,98,-11,-10
2.4520850000000007,263.232422,-7.000000,-7.560767,-6.439233,-7.528155,-6.417149,0.975417,10.796734,-0.000000,10.728400,-0.000000,16.898595,6.179332,1.687676,1.729311,0.088397,-0.560767,99,-11,-10
2.4722390000000014,263.320313,-7.000000,-7.570770,-6.429230,-7.529490,-6.424489,0.992070,10.935699,-0.000000,10.868400,-0.000000,16.981395,6.126551,1.688563,1.733442,0.089974,-0.570770,100,-11,-10
2.4921680000000013,263.496094,-7.000000,-7.578591,-6.421409,-7.553512,-6.444507,1.008656,11.076387,-0.000000,11.008400,-0.000000,17.061795,6.069802,1.680137,1.737747,0.091206,-0.578591,101,-11,-10
2.5118990000000014,263.627930,-7.000000,-7.588552,-6.411448,-7.580203,-6.465192,1.024925,11.217178,-0.000000,11.148400,-0.000000,17.139795,6.010645,1.675912,1.742152,0.092777,-0.588552,102,-11,-10
2.5319710000000013,263.803711,-7.000000,-7.597347,-6.402653,-7.596884,-6.491883,1.040686,11.356853,-0.000000,11.288400,-0.000000,17.215395,5.950256,1.666948,1.746598,0.094163,-0.597347,103,-11,-10
2.5521599999999998,264.023438,-7.000000,-7.605216,-6.394784,-7.614233,-6.475201,1.056086,11.496701,-0.000000,11.428400,-0.000000,17.288595,5.887389,1.653407,1.751154,0.095404,-0.605216,104,-12,-10
2.572144,264.243164,-7.000000,-7.613307,-6.386693,-7.624910,-6.441838,1.070799,11.634678,-0.000000,11.568400,-0.000000,17.359395,5.824001,1.639626,1.755708,0.096679,-0.613307,105,-12,-11
2.591501,264.375000,-7.000000,-7.625259,-6.374741,-7.589544,-6.421152,1.084979,11.772677,-0.000000,11.708400,-0.000000,17.427795,5.758258,1.634053,1.760351,0.098563,-0.625259,106,-12,-11
2.611974,264.726563,-7.000000,-7.629498,-6.370502,-7.552845,-6.372441,1.098596,11.909325,-0.000000,11.848400,-0.000000,17.493795,5.691504,1.607209,1.765039,0.099231,-0.629498,107,-12,-11
2.6320690000000013,264.902344,-7.000000,-7.641318,-6.358682,-7.548173,-6.338410,1.111792,12.047656,-0.000000,11.988400,-0.000000,17.557395,5.620792,1.596954,1.769909,0.101094,-0.641318,108,-12,-11
2.651867,265.166016,-7.000000,-7.650769,-6.349231,-7.556848,-6.311052,1.124427,12.186877,-0.000000,12.128400,-0.000000,17.618595,5.546881,1.578152,1.774924,0.102584,-0.650769,109,-12,-11
2.672027,265.385742,-7.000000,-7.662706,-6.337294,-7.582204,-6.305714,1.136507,12.325913,-0.000000,12.268400,-0.000000,17.677395,5.470832,1.563334,1.780060,0.104466,-0.662706,110,-13,-11
2.6914180000000014,265.649414,-7.000000,-7.674375,-6.325625,-7.637588,-6.311052,1.148180,12.467160,-0.000000,12.408400,-0.000000,17.733795,5.390340,1.544393,1.785448,0.106305,-0.674375,111,-13,-11
2.7113640000000014,265.869141,-7.000000,-7.673155,-6.326845,-7.705649,-6.376445,1.154297,12.545191,-0.000000,12.548400,-0.000000,17.787795,5.368174,1.528947,1.787515,0.106113,-0.673155,112,-13,-12
2.7323060000000003,266.132813,-7.000000,-7.702797,-6.297203,-7.734342,-6.421152,1.169546,12.750847,-0.000000,12.688400,-0.000000,17.839395,5.221222,1.510075,1.796712,0.110786,-0.702797,113,-13,-12
2.752031000000001,266.396484,-7.000000,-7.718020,-6.281980,-7.748355,-6.421152,1.179474,12.892862,-0.000000,12.828400,-0.000000,17.888595,5.133079,1.491133,1.802647,0.113185,-0.718020,114,-13,-12
2.7725079999999998,266.660156,-7.000000,-7.734265,-6.265735,-7.749022,-6.445841,1.188675,13.033790,-0.000000,12.968400,-0.000000,17.935395,5.043677,1.472215,1.808711,0.115746,-0.734265,115,-13,-12
2.7914800000000013,266.923828,-7.000000,-7.751378,-6.248622,-7.727670,-6.419150,1.197106,13.172761,-0.000000,13.108400,-0.000000,17.979795,4.953851,1.453343,1.814864,0.118444,-0.751378,116,-13,-12
2.811289000000001,267.275391,-7.000000,-7.765957,-6.234043,-7.703648,-6.375111,1.204849,13.310902,-0.000000,13.248400,-0.000000,18.021795,4.862527,1.427421,1.821187,0.120742,-0.765957,117,-14,-12
2.832117,267.275391,-7.000000,-7.797608,-6.202392,-7.696975,-6.297040,1.211846,13.449017,-0.000000,13.388400,-0.000000,18.061395,4.768920,1.429728,1.827727,0.125731,-0.797608,118,-14,-12
2.8514890000000013,268.066406,-7.000000,-7.796111,-6.203889,-7.708319,-6.210962,1.218198,13.588098,-0.000000,13.528400,-0.000000,18.098595,4.672107,1.369693,1.834583,0.125495,-0.796111,119,-14,-12
2.871786,268.505859,-7.000000,-7.811936,-6.188064,-7.727670,-6.163586,1.223601,13.727519,-0.000000,13.668400,-0.000000,18.133395,4.572629,1.338066,1.841690,0.127990,-0.811936,120,-14,-12
2.891634,268.989258,-6.980000,-7.786437,-6.173563,-7.785055,-6.159582,1.227848,13.869484,-0.000000,13.914595,-0.000000,18.223395,4.523732,1.304460,1.845668,0.127487,-0.806437,123,-14,-13
2.9120730000000004,269.516602,-6.980000,-7.788981,-6.171019,-7.819753,-6.208292,1.229562,13.947870,-0.000000,13.914595,-0.000000,18.223395,4.448813,1.265590,1.850821,0.127889,-0.808981,123,-14,-13
2.931973,269.956055,-6.940000,-7.780113,-6.099887,-7.835767,-6.219636,1.232210,14.150902,-0.000000,14.193395,-0.000000,18.271395,4.300790,1.235370,1.861376,0.133577,-0.840113,125,-15,-13
2.9519450000000016,270.439453,-6.880000,-7.735026,-6.024974,-7.831097,-6.204289,1.232851,14.290260,-0.000000,14.332195,-0.000000,18.291795,4.187147,1.202124,1.869663,0.137133,-0.855026,126,-15,-13
2.972134,270.966797,-6.780000,-7.644845,-5.915155,-7.832431,-6.158915,1.232371,14.429151,-0.000000,14.469795,-0.000000,18.309795,4.071625,1.166718,1.878292,0.140754,-0.864845,127,-15,-13
2.991604000000001,271.450195,-6.660000,-7.535835,-5.784165,-7.783053,-6.158915,1.230688,14.566298,-0.000000,14.605395,-0.000000,18.325395,3.955427,1.135159,1.887188,0.145111,-0.875835,128,-15,-13
3.011389000000001,271.933594,-6.540000,-7.428048,-5.651952,-7.735010,-6.074838,1.227853,14.700723,-0.000000,14.738595,-0.000000,18.338595,3.839496,1.104407,1.896310,0.149834,-0.888048,129,-15,-13
3.032197,272.373047,-6.420000,-7.324591,-5.515409,-7.696308,-5.963404,1.223924,14.833719,-0.000000,14.869395,-0.000000,18.349395,3.722629,1.077306,1.905807,0.155478,-0.904591,130,-15,-13
3.052058000000001,272.812500,-6.300000,-7.222755,-5.377245,-7.640924,-5.836623,1.219038,14.963678,-0.000000,14.997795,-0.000000,18.357795,3.606395,1.051028,1.915610,0.161621,-0.922755,131,-15,-14
3.072077000000001,272.812500,-6.180000,-7.146882,-5.213118,-7.561519,-5.702501,1.213239,15.091729,-0.000000,15.123795,-0.000000,18.363795,3.489751,1.051225,1.925868,0.172638,-0.966882,132,-16,-14
3.092078000000001,273.735352,-6.060000,-7.025146,-5.094854,-7.494124,-5.566378,1.207012,15.218491,-0.000000,15.247395,-0.000000,18.367395,3.372309,0.999303,1.936834,0.175741,-0.965146,133,-16,-14
3.1118280000000014,274.262695,-5.940000,-6.927424,-4.952576,-7.427397,-5.442265,1.199870,15.343332,-0.000000,15.368595,-0.000000,18.368995,3.254892,0.971655,1.948338,0.183429,-0.987424,134,-16,-14
3.131898000000001,274.877930,-5.820000,-6.829061,-4.810939,-7.342654,-5.384212,1.191085,15.469006,-0.000000,15.487395,-0.000000,18.368995,3.135063,0.940176,1.960510,0.191314,-1.009061,135,-16,-14
3.1520290000000006,275.449219,-5.700000,-6.735128,-4.664872,-7.245900,-5.362193,1.181216,15.592457,-0.000000,15.603795,-0.000000,18.368995,3.017355,0.912208,1.973029,0.200388,-1.035128,136,-16,-14
3.1720700000000015,276.108398,-5.580000,-6.637581,-4.522419,-7.150480,-5.306142,1.170350,15.712709,-0.000000,15.717795,-0.000000,18.368995,2.902683,0.881050,1.985803,0.209137,-1.057581,137,-16,-14
3.192019,276.767578,-5.460000,-6.505256,-4.414744,-7.047053,-5.188702,1.163433,15.781055,-0.000000,15.829395,-0.000000,18.368995,2.837429,0.850358,1.993284,0.211243,-1.045256,138,-16,-14
3.2121050000000015,277.558594,-5.340000,-6.441153,-4.238847,-6.949631,-5.082606,1.144653,15.947483,-0.000000,15.938595,-0.000000,18.368995,2.678423,0.816181,2.012368,0.227540,-1.101153,139,-17,-15
3.2319580000000006,278.393555,-5.220000,-6.340961,-4.099039,-6.862218,-5.082606,1.130151,16.062880,-0.000000,16.045395,-0.000000,18.368995,2.568152,0.781418,2.026466,0.236958,-1.120961,140,-17,-15
3.2515510000000014,279.272461,-5.100000,-6.181468,-4.018532,-6.692064,-4.945148,1.123586,16.109732,-0.000000,16.149795,-0.000000,18.368995,2.523235,0.744871,2.032301,0.233989,-1.081468,141,-17,-15
3.2715280000000004,280.151367,-4.980000,-6.137124,-3.822876,-6.571288,-4.821703,1.096618,16.283273,-0.000000,16.251795,-0.000000,18.368995,2.356439,0.711844,2.054850,0.256391,-1.157124,142,-17,-15
3.2919000000000014,281.030273,-4.860000,-6.035768,-3.684232,-6.418483,-4.663559,1.078872,16.386959,-0.000000,16.351395,-0.000000,18.368995,2.256641,0.679724,2.069273,0.266955,-1.175768,143,-17,-15
3.3117360000000007,281.030273,-4.740000,-5.948265,-3.531735,-6.282360,-4.341935,1.067755,16.446417,-0.000000,16.448595,-0.000000,18.368995,2.199183,0.680187,2.077758,0.281278,-1.208265,144,-17,-15
3.3317610000000006,282.744141,-4.620000,-5.841144,-3.398856,-6.172260,-4.173115,1.040575,16.585854,-0.000000,16.543395,-0.000000,18.368995,2.064555,0.621584,2.099042,0.291660,-1.221144,145,-18,-15
3.3515600000000014,283.666992,-4.380000,-5.591786,-3.168214,-6.075506,-4.019643,1.020171,16.682783,-0.000000,16.725795,-0.000000,18.368995,1.970802,0.592870,2.114890,0.305284,-1.211786,147,-18,-15
3.3713470000000014,284.633789,-4.260000,-5.493547,-3.026453,-5.990762,-3.894196,0.997847,16.777920,-0.000000,16.813395,-0.000000,18.368995,1.878089,0.563508,2.130942,0.319520,-1.233547,148,-18,-15
3.3917360000000008,285.600586,-4.140000,-5.396550,-2.883450,-5.870653,-3.764745,0.974741,16.869570,-0.000000,16.898595,-0.000000,18.368995,1.788406,0.535591,2.147225,0.334913,-1.256550,149,-18,-15
3.4115660000000005,286.611328,-4.020000,-5.294242,-2.745758,-5.711175,-3.571903,0.951518,16.955534,-0.000000,16.981395,-0.000000,18.368995,1.703895,0.507731,2.163297,0.349766,-1.274242,150,-18,-15
3.4313860000000003,287.666016,-3.900000,-5.185233,-2.614767,-5.561707,-3.413093,0.928398,17.035604,-0.000000,17.061795,-0.000000,18.368995,1.624762,0.479975,2.179014,0.363638,-1.285233,151,-18,-15
3.4516090000000004,288.720703,-3.780000,-5.081575,-2.478425,-5.403563,-3.230261,0.903740,17.115563,-0.000000,17.139795,-0.000000,18.368995,1.545263,0.453632,2.195486,0.379952,-1.301575,152,-18,-15
3.47209,289.819336,-3.660000,-4.974750,-2.345250,-5.282120,-3.048763,0.878594,17.192076,-0.000000,17.215395,-0.000000,18.368995,1.468695,0.427511,2.212067,0.396382,-1.314750,153,-18,-15
3.491951000000001,290.961914,-3.540000,-4.868696,-2.211304,-5.282120,-3.048763,0.852290,17.267314,-0.000000,17.288595,-0.000000,18.368995,1.392874,0.401761,2.229248,0.414166,-1.328696,154,-18,-15
3.512032000000001,292.016602,-3.420000,-4.773454,-2.066546,-5.234744,-2.889285,0.824938,17.340898,-0.000000,17.359395,-0.000000,18.368995,1.318144,0.379372,2.246995,0.436686,-1.353454,155,-18,-16
3.531893,293.115234,-3.300000,-4.673790,-1.926210,-5.176691,-2.772512,0.797610,17.410313,-0.000000,17.427795,-0.000000,18.368995,1.247098,0.357215,2.264739,0.459366,-1.373790,156,-18,-16
3.5519840000000005,293.115234,-3.180000,-4.664867,-1.695133,-5.085942,-2.624378,0.770046,17.476644,-0.000000,17.493795,-0.000000,18.368995,1.178669,0.357904,2.282755,0.515244,-1.484867,157,-19,-16
3.571965,295.268555,-3.060000,-4.484681,-1.635319,-4.977844,-2.511609,0.742802,17.540469,-0.000000,17.557395,-0.000000,18.368995,1.112749,0.318062,2.301693,0.513746,-1.424681,158,-19,-16
3.591822,296.367188,-2.940000,-4.391703,-1.488297,-4.845057,-2.378822,0.715527,17.601180,-0.000000,17.618595,-0.000000,18.368995,1.049533,0.300085,2.320960,0.544857,-1.451703,159,-19,-16
3.6120160000000014,297.509766,-2.820000,-4.295255,-1.344745,-4.718276,-2.226685,0.687499,17.659113,-0.000000,17.677395,-0.000000,18.368995,0.988224,0.281871,2.340179,0.577258,-1.475255,160,-19,-16
3.631997000000001,298.696289,-2.700000,-4.195695,-1.204305,-4.611512,-2.071877,0.659598,17.714019,-0.000000,17.733795,-0.000000,18.368995,0.929549,0.264087,2.359710,0.611267,-1.495695,161,-19,-16
3.6513470000000017,299.970703,-2.580000,-4.089657,-1.070343,-4.495407,-1.935754,0.631718,17.766227,-0.000000,17.787795,-0.000000,18.368995,0.873153,0.246128,2.379641,0.645670,-1.509657,162,-19,-16
3.6720970000000017,301.289063,-2.580000,-4.158577,-1.001423,-4.347273,-1.751587,0.605894,17.812181,-0.000000,17.787795,-0.000000,18.368995,0.822890,0.228587,2.398382,0.675147,-1.578577,162,-19,-16
3.691899000000001,302.739258,-2.460000,-4.009492,-0.910508,-4.180455,-1.536726,0.581842,17.852803,-0.000000,17.839395,-0.000000,18.368995,0.777813,0.210245,2.415912,0.695034,-1.549492,163,-19,-16
3.7126080000000004,304.233398,-2.340000,-3.852738,-0.827262,-3.997623,-1.329872,0.557823,17.891219,-0.000000,17.888595,-0.000000,18.368995,0.734463,0.192402,2.433337,0.713346,-1.512738,164,-19,-16
3.7315280000000004,305.771484,-2.220000,-3.697274,-0.742726,-3.849488,-1.161719,0.532623,17.929312,-0.000000,17.935395,-0.000000,18.368995,0.690658,0.175128,2.451493,0.734277,-1.477274,165,-19,-16
3.752778,307.177734,-2.100000,-3.562666,-0.637334,-3.712698,-1.036940,0.506061,17.967243,-0.000000,17.979795,-0.000000,18.368995,0.646144,0.160438,2.470595,0.768560,-1.462666,166,-19,-16
3.771898000000001,308.496094,-1.980000,-3.423011,-0.536989,-3.602598,-0.934847,0.481052,18.001073,-0.000000,18.021795,-0.000000,18.368995,0.605621,0.147478,2.488669,0.804186,-1.443011,167,-19,-16
3.791941000000001,308.496094,-1.980000,-1.159577,-2.800423,-3.511849,-0.820744,0.458294,18.030373,-0.000000,18.021795,0.000000,19.118995,1.181157,-0.318941,1.969262,-0.457220,0.820423,167,-20,-16
3.811799000000001,310.957031,-1.860000,-0.924553,-2.795447,-3.388404,-0.719986,0.437174,18.056929,-0.000000,18.061395,0.000000,19.118995,1.148523,-0.366022,1.961285,-0.554956,0.935447,168,-20,-16
3.8317390000000016,312.099609,-1.740000,-0.759589,-2.720411,-3.236933,-0.668606,0.414402,18.084331,-0.000000,18.098595,0.000000,19.118995,1.114566,-0.386182,1.951750,-0.621743,0.980411,169,-20,-16
3.851853000000001,312.934570,-1.740000,-0.660128,-2.819872,-3.040756,-0.643250,0.391088,18.110657,-0.000000,18.098595,0.000000,19.118995,1.081525,-0.400514,1.940789,-0.684818,1.079872,169,-20,-16
3.8717110000000012,313.549805,-1.620000,-0.523238,-2.716762,-2.765840,-0.786046,0.367075,18.136846,-0.000000,18.133395,0.000000,19.118995,1.048503,-0.410638,1.928468,-0.747049,1.096762,170,-20,-16
3.891928,314.033203,-1.500000,-0.405313,-2.594687,-2.319435,-1.125020,0.345316,18.159984,-0.000000,18.165795,0.000000,19.118995,1.019286,-0.418324,1.916418,-0.805287,1.094687,171,-20,-16
3.912046,313.989258,-1.380000,-0.310202,-2.449798,-1.789622,-1.660171,0.321534,18.184790,-0.000000,18.195795,0.000000,19.118995,0.987989,-0.417493,1.902277,-0.855410,1.069798,172,-20,-16
3.931959000000001,313.330078,-1.380000,-0.277015,-2.482985,-1.193081,-2.140606,0.301019,18.206026,-0.000000,18.195795,0.000000,19.118995,0.961314,-0.407514,1.889287,-0.881947,1.102985,172,-20,-16
3.9517780000000005,312.143555,-1.260000,-0.247946,-2.272054,-0.748678,-2.396171,0.283307,18.224587,-0.000000,18.223395,0.000000,19.118995,0.938204,-0.390077,1.877552,-0.886309,1.012054,173,-20,-16
3.9718470000000017,311.044922,-1.140000,-0.222171,-2.057829,-0.421715,-2.458228,0.268092,18.241054,-0.000000,18.248595,0.000000,19.118995,0.917961,-0.374307,1.867167,-0.888401,0.917829,174,-20,-16
3.9918380000000018,310.166016,-1.140000,-0.211896,-2.068104,-0.284258,-2.406180,0.253253,18.257771,-0.000000,18.248595,0.000000,19.118995,0.897687,-0.361963,1.856796,-0.898346,0.928104,174,-20,-16
4.011876,309.287109,-1.020000,-0.179238,-1.860762,-0.283590,-2.175972,0.238509,18.274970,-0.000000,18.271395,0.000000,19.118995,0.877077,-0.349841,1.846200,-0.909547,0.840762,175,-20,-16
4.032159000000002,309.287109,-1.000000,-0.135304,-1.864696,-0.377008,-1.936421,0.224115,18.292290,-0.000000,18.291795,0.000000,19.118995,0.856544,-0.350013,1.835528,-0.954147,0.864696,176,-20,-16
4.052115,307.397461,-1.000000,-0.158241,-1.841759,-0.387017,-1.859685,0.210021,18.309640,-0.000000,18.309795,0.000000,19.118995,0.836160,-0.324704,1.824688,-0.928838,0.841759,177,-20,-16
4.072148000000001,306.254883,-1.000000,-0.161470,-1.838530,-0.369668,-1.818314,0.198069,18.324859,-0.000000,18.325395,0.000000,19.118995,0.818464,-0.309913,1.815224,-0.925275,0.838530,178,-20,-16
4.091947,305.112305,-1.000000,-0.166681,-1.833319,-0.340976,-1.770271,0.186970,18.339680,-0.000000,18.338595,0.000000,19.118995,0.801429,-0.295300,1.806262,-0.919524,0.833319,179,-20,-16
4.112009,303.969727,-1.000000,-0.171690,-1.828310,-0.288261,-1.744247,0.176014,18.354937,-0.000000,18.357795,0.000000,19.118995,0.784069,-0.280947,1.797214,-0.913997,0.828310,181,-20,-17
4.132244000000001,302.871094,-1.000000,-0.211918,-1.788082,-0.217530,-1.702876,0.175636,18.355487,-0.000000,18.357795,0.000000,19.118995,0.783449,-0.266879,1.796901,-0.869608,0.788082,181,-20,-17
